{
  "t0_epoch": 1778675236.246325,
  "marks_sec": [
    9.462652921676636,
    10.996271133422852,
    12.778972864151001,
    14.898640155792236,
    16.211859941482544,
    18.262794971466064,
    20.251856803894043,
    22.312793970108032,
    25.042579889297485,
    27.082519054412842,
    29.562757968902588,
    32.04986381530762,
    34.169925928115845,
    36.63191080093384,
    38.853739976882935,
    40.64723610877991,
    42.765267848968506,
    44.835010051727295,
    47.08292508125305,
    49.44039607048035,
    51.73687505722046,
    54.078341007232666,
    56.46909308433533,
    58.66517090797424,
    60.79931592941284,
    63.4653480052948,
    65.8687539100647,
    68.22916412353516,
    70.58313179016113,
    72.99793100357056,
    75.27094984054565,
    77.80965089797974
  ],
  "mic_calibration": 17.9552904409359
}