{
  "t0_epoch": 1777984629.808775,
  "marks_sec": [
    11.392446994781494,
    13.673224210739136,
    16.08810591697693,
    18.16884183883667,
    20.17352795600891,
    21.973071098327637,
    23.67139506340027,
    25.448962926864624,
    27.215623140335083,
    29.450655937194824,
    31.293848991394043,
    33.202696084976196,
    35.082062005996704,
    36.93563795089722,
    38.72804021835327,
    40.73932504653931,
    42.41621708869934,
    44.02324914932251,
    45.8624382019043,
    47.72548007965088,
    49.58519005775452,
    51.616374015808105,
    53.612346172332764,
    55.401286125183105,
    57.08452129364014,
    58.58560824394226,
    60.08819818496704,
    61.62737822532654,
    63.37142896652222,
    65.08764100074768
  ]
}