{
  "t0_epoch": 1778674747.2428539,
  "marks_sec": [
    4.1794350147247314,
    6.660408020019531,
    9.306441307067871,
    11.946640253067017,
    14.207197189331055,
    16.359711170196533,
    18.551922082901,
    20.8026921749115,
    23.07678723335266,
    25.302990198135376,
    27.647597074508667,
    29.869801998138428,
    32.38388133049011,
    34.522521018981934,
    36.93628001213074,
    39.33798027038574,
    41.84794616699219,
    44.17171907424927,
    46.28416299819946,
    48.51858711242676,
    50.50570225715637,
    52.41966009140015,
    54.405158042907715,
    56.65491604804993,
    58.9820442199707,
    61.45176315307617,
    63.77088403701782
  ],
  "mic_calibration": 16.067915646324302
}