{
  "t0_epoch": 1778671776.5014558,
  "marks_sec": [
    4.7759270668029785,
    6.963886260986328,
    9.083287239074707,
    11.464904308319092,
    13.409175157546997,
    15.55867314338684,
    17.843659162521362,
    20.29836106300354,
    22.661033391952515,
    25.19134020805359,
    27.445834398269653,
    30.09262728691101,
    32.49035120010376,
    35.04216718673706,
    37.649657249450684,
    40.02616024017334,
    42.23111033439636,
    44.47572302818298,
    46.741974115371704,
    49.32388710975647,
    51.65875029563904,
    53.866857290267944,
    55.96442532539368,
    58.50784111022949,
    60.991780281066895,
    63.084150075912476,
    65.50947713851929,
    68.01238131523132,
    70.24726033210754,
    79.85786437988281
  ],
  "mic_calibration": 22.437339696171776
}