{
  "t0_epoch": 1778672343.571533,
  "marks_sec": [],
  "mic_calibration": 16.524295858244717
}