{
  "t0_epoch": 1778671453.0692701,
  "marks_sec": [
    7.68103289604187,
    9.656522989273071,
    11.60798692703247,
    13.941242694854736,
    16.12513780593872,
    18.561957836151123,
    20.8718318939209,
    23.924540758132935,
    25.871731758117676,
    27.842540979385376,
    30.39119291305542,
    32.45839476585388,
    34.94170784950256,
    36.91565489768982,
    50.59072184562683,
    53.20704102516174,
    55.767202854156494,
    58.25679087638855,
    60.77394986152649,
    63.274006843566895,
    65.67491388320923,
    68.37339091300964,
    70.75909280776978,
    73.3436107635498,
    76.01625275611877,
    79.03239965438843,
    81.49317073822021,
    84.12475991249084,
    86.90683102607727,
    89.63697981834412,
    92.4423987865448
  ],
  "mic_calibration": 19.177776170741602
}