{
  "t0_epoch": 1777983109.043251,
  "marks_sec": [
    2.4591479301452637,
    27.604273080825806,
    47.287328004837036,
    59.30023503303528,
    67.51541090011597,
    77.92913389205933,
    85.98448777198792,
    93.81721496582031,
    102.46584010124207,
    110.70299196243286,
    119.39951300621033,
    130.16509199142456,
    139.66714215278625,
    149.1128330230713,
    157.78531098365784,
    167.38270092010498,
    177.75429487228394,
    182.3888611793518,
    188.90362787246704,
    196.60266304016113,
    208.17785096168518,
    217.10301518440247,
    225.45425701141357,
    233.78368878364563
  ]
}