{
  "t0_epoch": 1778672425.189634,
  "marks_sec": [
    4.748158931732178,
    6.4384989738464355,
    8.182934045791626,
    10.57500171661377,
    13.021865844726562,
    14.900370836257935,
    17.105622053146362,
    19.292234897613525,
    21.55421805381775,
    24.07197904586792,
    26.96918487548828,
    29.389160871505737,
    31.954960823059082,
    34.395304918289185,
    36.95551371574402,
    39.34161996841431,
    41.487606048583984,
    44.19550681114197,
    46.81315302848816,
    49.05661582946777,
    51.60486078262329,
    54.11185574531555,
    56.38024401664734,
    59.140156984329224,
    62.33947706222534,
    66.02575898170471,
    68.60701584815979,
    70.82776188850403,
    73.70807981491089,
    76.69044494628906
  ],
  "mic_calibration": 16.55789157251807
}