{
  "t0_epoch": 1777982920.265748,
  "marks_sec": [
    8.471435070037842,
    9.70819878578186,
    10.855644941329956,
    12.74490213394165,
    14.061321020126343,
    15.295889139175415,
    16.522377014160156,
    17.742764949798584,
    19.005810976028442,
    20.25088095664978,
    21.284908056259155,
    22.543463945388794,
    23.495007038116455,
    24.55766797065735,
    25.776982069015503,
    26.794502019882202,
    27.923521041870117,
    29.42631697654724,
    30.58654499053955,
    31.711180925369263,
    32.76131081581116,
    33.805124044418335,
    34.906574010849,
    35.908883810043335,
    36.72638511657715,
    37.70582389831543,
    38.810348987579346,
    39.8084762096405,
    40.709328174591064,
    41.7925980091095
  ]
}