{
  "t0_epoch": 1778672051.4807801,
  "marks_sec": [
    5.020748853683472,
    13.38077688217163,
    16.104346752166748,
    18.34708285331726,
    20.663822650909424,
    22.4439218044281,
    24.614928722381592,
    26.86872386932373,
    28.821377992630005,
    30.865657806396484,
    32.94555902481079,
    35.24550175666809,
    37.27050495147705,
    39.22909593582153,
    42.49682402610779,
    45.1144917011261,
    47.80138802528381,
    49.998103857040405,
    52.061506032943726,
    54.4301917552948,
    57.25519895553589,
    59.362297773361206,
    62.18728804588318,
    64.31224966049194,
    66.58616495132446,
    68.92964291572571,
    71.43133902549744,
    74.03538298606873,
    76.73074197769165,
    79.4479820728302
  ],
  "mic_calibration": 19.08324404342106
}