{
  "t0_epoch": 1778672712.860224,
  "marks_sec": [
    3.280148983001709,
    5.155461072921753,
    7.236133813858032,
    9.445146083831787,
    11.322728872299194,
    13.521610021591187,
    15.663079977035522,
    17.793100118637085,
    20.157928943634033,
    22.088053941726685,
    23.739885091781616,
    25.57970690727234,
    27.543447971343994,
    29.8547101020813,
    31.885189056396484,
    34.39319705963135,
    36.72095584869385,
    39.070266008377075,
    41.942607164382935,
    44.143965005874634,
    46.38973903656006,
    48.355347871780396,
    50.324623823165894,
    54.54587483406067,
    56.18973684310913,
    58.30349397659302,
    60.48748803138733,
    63.49270987510681,
    65.65615487098694,
    67.80801510810852
  ],
  "mic_calibration": 16.918971935427884
}