{
  "t0_epoch": 1778674558.798002,
  "marks_sec": [
    3.200061082839966,
    4.614917039871216,
    6.805928945541382,
    8.802675008773804,
    10.698291063308716,
    12.710920810699463,
    15.167703866958618,
    17.11272692680359,
    19.265636920928955,
    21.38284683227539,
    23.668240070343018,
    25.99337387084961,
    28.034765005111694,
    30.334085941314697,
    32.498507022857666,
    34.729042053222656,
    36.933451890945435,
    39.30122113227844,
    41.75197196006775,
    44.21486496925354,
    46.504194021224976,
    48.687994956970215,
    51.18009805679321,
    53.6448450088501,
    55.850154876708984,
    58.13813805580139,
    60.58073806762695,
    63.1126389503479,
    65.31399393081665,
    67.64670705795288,
    70.16743993759155,
    72.74494290351868,
    75.38155698776245,
    78.03283023834229,
    80.48674082756042,
    82.96183276176453,
    85.43362092971802,
    88.00030612945557,
    90.23393988609314,
    92.61803889274597,
    95.08033084869385,
    97.28425097465515,
    99.77904510498047,
    102.56545996665955,
    104.73856806755066,
    107.46792793273926,
    110.18146991729736,
    113.34597587585449,
    116.24654507637024,
    119.10086297988892,
    121.71289682388306
  ],
  "mic_calibration": 15.94032190847578
}