{
  "t0_epoch": 1778671563.3883169,
  "marks_sec": [
    4.254284143447876,
    6.587518930435181,
    8.938940286636353,
    11.553727149963379,
    13.956135272979736,
    16.62092423439026,
    19.51325225830078,
    22.504151105880737,
    25.0224130153656,
    28.239878177642822,
    30.770807027816772,
    33.487606048583984,
    36.08831000328064,
    38.71166515350342,
    41.57999324798584
  ],
  "mic_calibration": 18.315554315192202
}