{
  "t0_epoch": 1777988773.547959,
  "marks_sec": [
    2.387821912765503,
    4.034571886062622,
    5.55327582359314,
    7.337326765060425,
    8.723181962966919,
    10.210161924362183,
    11.60472297668457,
    12.993839740753174,
    14.36167597770691,
    15.663367986679077,
    17.071882963180542,
    18.554383754730225,
    20.238953828811646,
    21.454754114151,
    22.875598907470703,
    24.207033157348633,
    25.838401079177856,
    27.298733949661255,
    28.71646475791931,
    29.95682406425476
  ]
}