{
  "t0_epoch": 1778674401.0226402,
  "marks_sec": [
    9.179358959197998,
    10.87716269493103,
    12.521959781646729,
    14.12386155128479,
    15.510305643081665,
    16.72249484062195,
    18.175997734069824,
    20.496418714523315,
    22.343053817749023,
    24.96108388900757,
    27.17204976081848,
    29.061275720596313,
    30.80958580970764,
    32.69306659698486,
    34.557188749313354,
    36.18092370033264,
    37.9721257686615,
    40.24545383453369,
    41.8221538066864,
    43.62575364112854,
    45.492273807525635,
    47.057267904281616,
    49.25979685783386,
    51.20764756202698,
    53.01043367385864,
    55.05445671081543,
    57.0517578125,
    59.34323263168335,
    61.20975589752197,
    63.041327714920044,
    65.0586907863617,
    66.77506160736084,
    68.82667589187622,
    71.02740669250488,
    72.83081984519958,
    74.88849568367004,
    76.82931184768677,
    78.70842480659485,
    80.77482867240906
  ],
  "mic_calibration": 15.439373452079348
}